Draft,Pick,First,Last,Full,Year,POS,School,Power 5,NPPG,NRPG,NAPG,NBPG,NSPG,N3PT,N3PA,WS,CPPG,CRPG,CAPG,CBPG,CSPG,C3PT
2006,2,LaMarcus,Aldridge,LaMarcus Aldridge,SO,PF,Texas,B,23.4,11.1,2.6,1.2,1,0.352,105,11.1,15,9.2,0.5,2,1.4,0
2006,3,Adam,Morrison,Adam Morrison,JR,SF,Gonzaga,M,14.2,4.8,2.7,0.3,0.5,0.337,258,0,28.1,5.5,1.7,0.3,1.1,0.428
2006,4,Tyrus,Thomas,Tyrus Thomas,FR,PF,LSU,P,10.8,6.4,1.2,1.9,1.2,0.375,8,4.6,12.3,9.2,1.3,3.1,1,1
2006,5,Shelden,Williams,Shelden Williams,SR,PF,Duke,B,5.5,6,0.6,0.7,0.8,0.5,4,2.2,18.8,10.7,1.1,3.8,1.7,0.333
2006,6,Brandon,Roy,Brandon Roy,SR,SG,Washington,P,22.6,4.7,5.8,0.3,1.2,0.377,220,13.5,20.2,5.6,4.1,0.8,1.4,0.402
2006,7,Randy,Foye,Randy Foye,SR,SG,Villanova,P,16.3,3.3,4.3,0.5,1,0.41,434,4.6,20.5,5.8,3,0.6,1.4,0.35
2006,8,Rudy,Gay,Rudy Gay,SO,SF,Connecticut,B,21.1,6.8,3.7,1.1,1.7,0.396,144,6.4,15.2,6.4,2.1,1.6,1.8,0.318
2006,9,Patrick,O'Bryant,Patrick O'Bryant,SO,C,Bradley,M,2.6,1.7,0.6,0.5,0.4,0,2,0.3,13.4,8.3,0.8,2.9,0.9,0
2006,11,JJ,Redick,JJ Redick,SR,SG,Duke,B,16.4,2.3,3.8,0.1,0.8,0.437,458,6.7,26.8,2,2.6,0,1.4,0.421
2006,12,Hilton,Armstrong,Hilton Armstrong,SR,C,Connecticut,B,4.8,3.1,0.6,0.6,0.5,0.5,4,1.5,9.7,6.6,0.7,3.1,0.6,0.5
2006,14,Ronnie,Brewer,Ronnie Brewer,JR,SG,Arkansas,P,13.7,3.7,2.7,0.4,1.7,0.303,76,7.8,18.4,4.8,3.3,0.5,2.6,0.338
2006,15,Cedric,Simmons,Cedric Simmons,SO,PF,NC State,P,2.9,2.5,0.3,0.5,0.2,0,0,0.3,11.8,6.3,1.7,2.5,0.7,1
2006,16,Rodney,Carney,Rodney Carney,SR,SF,Memphis,M,7.2,2.1,0.5,0.4,0.7,0.35,226,1.6,17.2,4.3,1.3,0.7,1.3,0.391
2006,17,Shawne,Williams,Shawne Williams,FR,SF,Memphis,M,7.1,4.6,0.9,0.8,0.6,0.401,212,2.5,13.2,6.2,1.9,1.4,1.4,0.312
2006,19,Quincy,Douby,Quincy Douby,JR,SG,Rutgers,P,4.8,1.2,0.9,0.2,0.4,0.394,335,0,25.4,4.3,3.1,0.8,1.8,0.401
2006,20,Renaldo,Balkman,Renaldo Balkman,JR,SF,South Carolina,P,4.9,4.3,0.6,0.6,0.9,0.286,7,2.8,9.6,6.3,1.9,1.3,1.7,0.308
2006,21,Rajon,Rondo,Rajon Rondo,SO,PG,Kentucky,B,13.7,6.4,11.7,0.2,2.3,0.314,86,9.9,11.2,6.1,4.9,0.1,2,0.273
2006,22,Marcus,Williams,Marcus Williams,JR,PG,Connecticut,B,6.8,2.1,3.3,0.1,0.5,0.38,142,0.2,12.3,3.9,8.6,0.2,0.9,0.4
2006,23,Josh,Boone,Josh Boone,JR,C,Connecticut,B,8.2,7.3,0.8,0.9,0.5,0,0,3.7,10.3,7,0.6,2,0.4,0
2006,24,Kyle,Lowry,Kyle Lowry,SO,PG,Villanova,P,20.7,5.1,6.8,0.6,2.3,0.38,500,11.7,11,4.3,3.7,0.2,2.3,0.444
2006,25,Shannon,Brown,Shannon Brown,JR,SG,Michigan State,P,11,2.7,1.8,0.4,1,0.362,188,3.4,17.2,4.4,2.7,0.1,1.5,0.39
2006,26,Jordan,Farmar,Jordan Farmar,SO,PG,UCLA,B,10.4,2.5,5,0.2,0.9,0.44,125,3.9,13.5,2.6,5.1,0.2,1.1,0.333
2006,28,Maurice,Ager,Maurice Ager,SR,SG,Michigan State,P,2.2,0.7,0.3,0.1,0.1,0.333,15,-0.3,19.3,4.1,2.5,0.3,0.7,0.376
2006,29,Mardy,Collins,Mardy Collins,SR,PG,Temple,M,5.2,2.2,2.3,0.2,0.6,0.419,31,0,16.8,4.7,4,0.2,2.8,0.307
2007,1,Greg,Oden,Greg Oden,FR,C,Ohio State,B,11.1,8.5,0.9,2.3,0.4,0,0,4.6,15.7,9.6,0.7,3.3,0.6,0
2007,2,Kevin,Durant,Kevin Durant,FR,SF,Texas,B,32,8,5.5,1.3,1.4,0.416,334,19.2,25.8,11.1,1.3,1.8,1.8,0.404
2007,3,Al,Horford,Al Horford,JR,PF,Florida,P,18.6,10.2,3.5,1.5,1.1,0.339,115,10.9,13.2,9.5,2.2,1.8,0.7,0
2007,4,Mike,Conley,Mike Conley,FR,PG,Ohio State,B,17.2,3.4,6.5,0.3,2.2,0.406,217,9.9,11.3,3.4,6.1,0.3,2.2,0.304
2007,5,Jeff,Green,Jeff Green,JR,SF,Georgetown,P,16.9,6.7,2,0.9,1.3,0.385,182,6.6,14.3,6.4,3.2,1.2,0.8,0.375
2007,7,Corey,Brewer,Corey Brewer,JR,SG,Florida,P,13,3.7,2.4,0.4,1.9,0.346,237,5.2,13.2,4.7,2.9,0.4,1.9,0.336
2007,8,Brandan,Wright,Brandan Wright,FR,PF,North Carolina,B,9.1,4.3,0.6,1.4,0.7,0,3,6.1,14.7,6.2,1,1.8,1,0
2007,9,Joakim,Noah,Joakim Noah,JR,PF,Florida,P,12.6,11.3,5.4,2.1,1.2,0,5,11.2,12,8.4,2.3,1.8,1.1,1
2007,10,Spencer,Hawes,Spencer Hawes,FR,C,Washington,P,13.2,8.3,3,1.4,0.6,0.416,308,4.5,14.9,6.4,1.9,1.7,0.5,0.333
2007,11,Acie,Law,Acie Law,SR,PG,Texas A&M,P,4.3,1.2,2,0.1,0.6,0.333,12,0.7,18.1,3.3,5,0,1.1,0.458
2007,12,Thaddeus,Young,Thaddeus Young,FR,SF,Georgia Tech,P,17.9,9.2,2.3,0.7,2.1,0.348,138,7.4,14.4,4.9,2,0.4,1.3,0.419
2007,13,Julian,Wright,Julian Wright,SO,SF,Kansas,B,4.4,2.8,1.1,0.4,0.8,0.417,24,1.7,12,7.8,2.2,1.3,1.4,0.231
2007,14,Al,Thornton,Al Thornton,SR,SF,Florida State,P,16.8,5.2,1.5,0.9,0.8,0.331,130,2.2,19.7,7.2,0.7,1.1,1.5,0.444
2007,15,Rodney,Stuckey,Rodney Stuckey,SO,SG,Eastern Washington,M,16.6,3.8,5.2,0.2,1.4,0.39,141,5,24.6,4.7,5.5,0.3,2.4,0.267
2007,16,Nick,Young,Nick Young,JR,SG,USC,P,17.9,2.7,1.5,0.3,0.7,0.406,170,2.8,17.5,4.6,1.4,0.3,0.7,0.44
2007,17,Sean,Williams,Sean Williams,JR,C,Boston College,P,5.6,4.4,0.5,1.5,0.4,0,1,2.5,12.1,6.9,1.2,5,1.4,0
2007,19,Javaris,Crittenton,Javaris Crittenton,FR,PG,Georgia Tech,P,5.6,2.6,2.4,0.1,0.6,0.27,37,0.1,14.4,3.7,5.8,0.1,2,0.356
2007,20,Jason,Smith,Jason Smith,JR,PF,Colorado State,M,9.9,5.8,1.7,1,0.5,0.357,42,2.2,16.8,10.1,1.9,1.6,0.5,0
2007,21,Daequan,Cook,Daequan Cook,FR,SG,Ohio State,B,9.1,3,1.3,0.2,0.5,0.422,154,2.2,9.8,4.3,1,0.3,0.7,0.415
2007,22,Jared,Dudley,Jared Dudley,SR,SF,Boston College,P,12.7,4.6,2.6,0.3,1.1,0.458,262,5.6,19,8.3,3,0.3,1.4,0.443
2007,23,Wilson,Chandler,Wilson Chandler,SO,SF,DePaul,P,15.3,6.1,2.1,1.3,1,0.413,126,3.9,14.6,6.9,1.4,1.4,0.6,0.333
2007,25,Morris,Almond,Morris Almond,SR,SG,Rice,M,3.7,2,0.5,0.2,0.2,0.294,17,0.1,26.4,6.6,1.2,0.8,1.2,0.456
2007,26,Aaron,Brooks,Aaron Brooks,SR,PG,Oregon,P,19.6,2.6,5.3,0.2,0.8,0.398,545,5.5,17.7,4.3,4.3,0.2,1.4,0.404
2007,27,Arron,Afflalo,Arron Afflalo,JR,SG,UCLA,B,18.2,3.7,3.4,0.4,0.6,0.434,249,6.2,16.9,2.8,1.9,0.2,0.6,0.375
2007,29,Alando,Tucker,Alando Tucker,SR,SF,Wisconsin,P,4.6,1.3,0.4,0.2,0.2,0.348,23,0.2,19.9,5.4,2,0.3,0.9,0.325
2008,1,Derrick,Rose,Derrick Rose,FR,PG,Memphis,M,25,4.1,7.9,0.7,1,0.332,385,13.1,14.9,4.5,4.7,0.4,1.8,0.337
2008,2,Michael,Beasley,Michael Beasley,FR,PF,Kansas State,P,19.2,6.4,2.2,0.7,1,0.407,81,4.6,26.2,12.4,1.2,1.6,1.3,0.379
2008,3,OJ,Mayo,OJ Mayo,FR,SG,USC,P,18.5,3.8,4.4,0.4,1.2,0.407,349,5.6,20.7,4.5,3.3,0.4,1.5,0.409
2008,4,Russell,Westbrook,Russell Westbrook,SO,PG,UCLA,B,28.1,7.3,9.5,0.4,2.4,0.33,103,11.6,12.7,3.9,4.3,0.2,1.6,0.338
2008,5,Kevin,Love,Kevin Love,FR,PF,UCLA,B,26.1,15.2,4.4,0.6,0.9,0.417,211,14.3,17.5,10.6,1.9,1.4,0.7,0.354
2008,7,Eric,Gordon,Eric Gordon,FR,SG,Indiana,P,22.3,2.8,4.4,0.4,1.4,0.448,315,5.3,20.9,3.3,2.4,0.6,1.3,0.337
2008,8,Joe,Alexander,Joe Alexander,JR,SF,West Virginia,P,4.7,1.9,0.7,0.5,0.3,0.348,46,0.4,16.9,6.4,2.4,1.5,0.7,0.268
2008,9,DJ,Augustin,DJ Augustin,SO,PG,Texas,B,14.4,2.7,6.4,0.1,0.8,0.439,246,6.2,19.2,2.9,5.8,0,1.2,0.381
2008,10,Brook,Lopez,Brook Lopez,SO,C,Stanford,P,20.7,8.6,2.3,2.1,0.7,0.1,10,9,19.3,8.2,1.4,2.1,0.6,0
2008,11,Jerryd,Bayless,Jerryd Bayless,FR,PG,Arizona,P,11.6,2.8,3.8,0.2,1.1,0.438,112,4,19.7,2.7,4,0.1,1,0.407
2008,12,Jason,Thompson,Jason Thompson,SR,PF,Rider,M,12.5,8.5,1.7,1,0.7,0.1,10,4,20.4,12.1,2.7,2.7,1.1,0.324
2008,13,Brandon,Rush,Brandon Rush,JR,SG,Kansas,B,9.8,4.2,1.4,0.9,0.7,0.452,219,3.5,13.3,5.1,2.1,0.8,0.8,0.419
2008,14,Anthony,Randolph,Anthony Randolph,FR,PF,LSU,P,11.6,6.5,1.3,1.5,0.8,0.295,61,1.6,15.6,8.5,1.2,2.5,1.1,0.105
2008,15,Robin,Lopez,Robin Lopez,SO,C,Stanford,P,11.3,8.5,1.7,1.7,0.4,0,1,9.5,10.2,5.7,0.6,2.3,0.5,1
2008,16,Marreese,Speights,Marreese Speights,SO,C,Florida,P,10.4,6.2,0.9,0.7,0.5,0.3,10,4,14.5,8.1,0.9,1.4,0.4,0
2008,17,Roy,Hibbert,Roy Hibbert,SR,C,Georgetown,P,12.8,8.8,2,2.6,0.5,0.5,6,6.2,13.4,6.4,1.9,2.2,0.5,1
2008,18,JaVale,McGee,JaVale McGee,SO,C,Nevada,M,11.3,8,0.5,2.4,0.6,1,1,5.3,14.1,7.3,0.6,2.8,0.8,0.333
2008,19,JJ,Hickson,JJ Hickson,FR,PF,NC State,P,13.8,10.4,1.4,0.7,0.7,0,8,6.9,14.8,8.5,1,1.5,0.7,0
2008,21,Ryan,Anderson,Ryan Anderson,SO,PF,Cal,P,19.8,7.7,1.2,0.6,0.8,0.393,422,8.9,21.1,9.9,1.4,0.5,0.4,0.41
2008,22,Courtney,Lee,Courtney Lee,SR,SG,Western Kentucky,M,12.5,3.5,2,0.4,1.3,0.408,174,4.8,20.4,4.9,2.1,0.8,1.8,0.397
2008,23,Kosta,Koufos,Kosta Koufos,FR,C,Ohio State,B,8,6.9,0.5,1.3,0.6,0,2,6.5,14.4,6.7,0.5,1.8,0.4,0.349
2008,26,George,Hill,George Hill,JR,PG,IUPUI,M,16.1,4.2,5.1,0.3,1.4,0.427,143,9.7,21.5,6.8,4.3,0.4,1.8,0.45
2008,27,Darrell,Arthur,Darrell Arthur,SO,PF,Kansas,B,9.1,4.6,1,0.8,0.8,0.375,64,3.8,12.8,6.3,0.8,1.3,0.5,0.167
2008,28,Donte,Greene,Donte Greene,FR,SF,Syracuse,B,8.5,3.1,0.9,0.7,0.5,0.377,183,1.5,17.7,7.2,2,1.6,1.3,0.345
2008,29,DJ,White,DJ White,SR,PF,Indiana,P,5.7,3.4,0.8,0.7,0.4,1,1,1.8,17.4,10.3,0.8,1.6,0.8,0.333
2008,30,JR,Giddens,JR Giddens,SR,SG,New Mexico,M,2.2,1.6,0.4,0.1,0.3,0,10,0.1,16.3,8.8,3.1,1.2,1.4,0.333
2009,1,Blake,Griffin,Blake Griffin,SO,PF,Oklahoma,P,24.1,12.1,5.3,0.7,1.2,0.4,25,12.2,22.7,14.4,2.3,1.2,1.1,0.375
2009,2,Hasheem,Thabeet,Hasheem Thabeet,JR,C,Connecticut,B,3.1,1.3,0.2,1.3,0.5,0,0,2.2,13.6,10.8,0.5,4.2,0.6,0
2009,3,James,Harden,James Harden,SO,SG,Arizona State,P,28.1,6.1,6.7,0.7,1.9,0.375,555,16.4,20.1,5.6,4.2,0.3,1.7,0.356
2009,4,Tyreke,Evans,Tyreke Evans,FR,PG,Memphis,M,20.1,5.3,6.6,0.5,1.5,0.338,133,5.4,17.1,5.4,3.9,0.8,2.1,0.274
2009,6,Jonny,Flynn,Jonny Flynn,SO,PG,Syracuse,B,13.5,2.4,4.4,0.1,1,0.358,215,0.1,17.4,2.7,6.7,0.2,1.4,0.317
2009,7,Stephen,Curry,Stephen Curry,JR,PG,Davidson,M,29.5,5.2,8.5,0.3,2.1,0.453,600,15.7,28.6,4.4,5.6,0.2,2.5,0.387
2009,8,Jordan,Hill,Jordan Hill,JR,PF,Arizona,P,12,7.9,1.5,0.9,0.6,0.273,11,4.4,18.3,11,1.5,1.7,0.9,0
2009,9,DeMar,DeRozan,DeMar DeRozan,FR,SG,USC,P,22.9,4.6,4.1,0.4,1.2,0.305,210,8.8,13.9,5.7,1.5,0.4,0.9,0.167
2009,11,Terrence,Williams,Terrence Williams,SR,SG,Louisville,P,8.4,4.5,2.9,0.2,0.7,0.348,46,0.3,12.5,8.6,5,0.8,2.3,0.385
2009,12,Gerald,Henderson,Gerald Henderson,JR,SG,Duke,B,15.5,4.1,2.6,0.5,1,0.348,115,3.6,16.5,4.9,2.5,0.8,1.2,0.336
2009,13,Tyler,Hansbrough,Tyler Hansbrough,SR,PF,North Carolina,B,11,5.2,1,0.3,0.8,0.143,7,4.4,20.7,8.1,1,0.4,1.2,0.391
2009,14,Earl,Clark,Earl Clark,JR,SF,Louisville,P,7.3,5.5,1.1,0.7,0.6,0.336,122,2.3,14.2,8.7,3.2,1.4,1,0.326
2009,15,Austin,Daye,Austin Daye,SO,SF,Gonzaga,M,7.5,3.8,1.1,0.5,0.5,0.401,172,2.1,12.7,6.8,1.1,2.1,0.7,0.429
2009,16,James,Johnson,James Johnson,SO,PF,Wake Forest,P,9.1,4.7,2.3,1.4,1.1,0.326,46,4.1,15,8.5,2,1.5,1.4,0.319
2009,17,Jrue,Holiday,Jrue Holiday,FR,PG,UCLA,B,17.7,4.2,8,0.6,1.6,0.39,159,5.7,8.5,3.8,3.7,0.5,1.6,0.307
2009,18,Ty,Lawson,Ty Lawson,JR,PG,North Carolina,B,17.6,3.7,9.6,0.2,1.6,0.404,171,7.4,16.6,3,6.6,0.1,2.1,0.472
2009,19,Jeff,Teague,Jeff Teague,SO,PG,Wake Forest,P,16.5,2.6,7.2,0.6,1.7,0.359,248,7.7,18.8,3.3,3.5,0.6,1.9,0.441
2009,20,Eric,Maynor,Eric Maynor,SR,PG,VCU,M,4.7,1.6,3.3,0.1,0.5,0.385,96,1.9,22.4,3.6,6.2,0.2,1.7,0.361
2009,21,Darren,Collison,Darren Collison,SR,PG,UCLA,B,16.1,3.2,5.7,0.3,1.5,0.4,115,5.9,14.4,2.4,4.7,0.1,1.6,0.394
2009,24,Byron,Mullens,Byron Mullens,FR,C,Ohio State,B,10.6,6.4,1.5,0.8,0.6,0.371,89,0.5,8.8,4.7,0.3,1.1,0.5,0
2009,26,Taj,Gibson,Taj Gibson,JR,PF,USC,P,13,7.5,1.4,1.4,0.6,0.125,8,5.7,14.3,9,1.3,2.9,1,0
2009,27,DeMarre,Carroll,DeMarre Carroll,SR,PF,Missouri,P,12.6,5.5,1.8,0.4,1.7,0.395,304,7,16.6,7.2,2.2,0.7,1.6,0.364
2009,28,Wayne,Ellington,Wayne Ellington,JR,SG,North Carolina,B,10,3.2,1.6,0.2,0.7,0.392,240,3.2,15.8,4.9,2.7,0.2,1,0.417
2009,29,Toney,Douglas,Toney Douglas,SR,SG,Florida State,P,10.6,3,3,0.1,1.1,0.38,216,4.2,21.5,3.9,2.9,0.4,1.8,0.385
2010,1,John,Wall,John Wall,FR,PG,Kentucky,B,19.6,4.6,10,0.9,2.1,0.351,308,7.9,16.6,4.3,6.5,0.5,1.8,0.325
2010,2,Evan,Turner,Evan Turner,JR,SG,Ohio State,B,14,6.3,5.5,0.4,1,0.365,159,2.5,20.4,9.2,6,0.9,1.7,0.364
2010,3,Derrick,Favors,Derrick Favors,FR,PF,Georgia Tech,P,16.8,8.7,1.5,1.7,1.5,0.167,6,8.3,12.4,8.4,1,2.1,0.9,0
2010,4,Wesley,Johnson,Wesley Johnson,JR,SF,Syracuse,B,9.9,4.4,1.9,1,1.1,0.369,271,1.9,16.5,8.5,2.2,1.8,1.7,0.415
2010,5,DeMarcus,Cousins,DeMarcus Cousins,FR,C,Kentucky,B,25.6,12.7,3.6,1.7,1.5,0.321,109,7.9,15.1,9.8,1,1.8,1,0.167
2010,6,Ekpe,Udoh,Ekpe Udoh,JR,PF,Baylor,P,5.6,4.2,0.9,1.7,0.7,0,2,2.7,13.9,9.8,2.7,3.7,0.8,0.269
2010,7,Greg,Monroe,Greg Monroe,SO,PF,Georgetown,P,16,10.2,3.5,0.8,1.3,0,4,7,16.1,9.6,3.8,1.5,1.2,0.259
2010,8,Al-Farouq,Aminu,Al-Farouq Aminu,SO,SF,Wake Forest,P,10.9,7.7,1.6,0.8,1.2,0.36,172,3.3,15.8,10.7,1.3,1.4,1.4,0.273
2010,9,Gordon,Hayward,Gordon Hayward,SO,SF,Butler,M,19.3,5.1,5.2,0.6,1.4,0.415,246,8.7,15.5,8.2,1.7,0.8,1.1,0.294
2010,10,Paul,George,Paul George,SO,SF,Fresno State,M,24.2,7.6,4.1,0.6,1.9,0.392,286,10.8,16.8,7.2,3,0.8,2.2,0.353
2010,11,Cole,Aldrich,Cole Aldrich,JR,C,Kansas,B,5.5,5.5,1.2,1.1,0.7,0,0,2.2,11.3,9.8,0.9,3.5,0.8,0
2010,12,Xavier,Henry,Xavier Henry,FR,SG,Kansas,B,10,2.7,1.2,0.2,1,0.346,81,0.3,13.4,4.4,1.5,0.5,1.5,0.418
2010,13,Ed,Davis,Ed Davis,SO,PF,North Carolina,B,8.3,7.6,1.2,1.2,0.6,0,1,6.3,13.4,9.6,1,2.8,0.4,0
2010,14,Patrick,Patterson,Patrick Patterson,JR,PF,Kentucky,B,10.4,5.3,1.9,0.7,0.8,0.386,132,6.1,14.3,7.4,0.9,1.3,0.7,0.348
2010,15,Larry,Sanders,Larry Sanders,JR,PF,VCU,M,9.8,9.5,1.2,2.8,0.7,0,2,6,14.4,9.1,1,2.6,0.7,0.25
2010,16,Luke,Babbit,Luke Babbit,SO,SF,Nevada,M,6.3,3.3,1.1,0.4,0.3,0.513,115,1.6,21.9,8.9,2.1,0.8,1,0.416
2010,18,Eric,Bledsoe,Eric Bledsoe,FR,PG,Kentucky,B,20.4,5.2,6.1,0.7,2,0.372,179,7,11.3,3.1,2.9,0.3,1.4,0.383
2010,19,Avery,Bradley,Avery Bradley,FR,SG,Texas,B,14.9,3.8,2.1,0.4,1.6,0.395,200,2.5,11.6,2.9,2.1,0.5,1.3,0.375
2010,20,James,Anderson,James Anderson,JR,SG,Oklahoma State,P,10.1,3.8,1.9,0.4,0.9,0.328,351,1.9,22.3,5.8,2.4,0.6,1.4,0.341
2010,21,Craig,Brackins,Craig Brackins,JR,PF,Iowa State,P,2.7,1.3,0.6,0.1,0.3,0.333,9,-0.1,16.5,8.5,2.2,1.2,0.8,0.31
2010,22,Elliot,Williams,Elliot Williams,SO,SG,Memphis,M,6,1.9,1.1,0.1,0.5,0.296,125,0.3,17.9,4,3.8,0.1,1.3,0.366
2010,23,Trevor,Booker,Trevor Booker,SR,PF,Clemson,P,8.4,6.6,1.1,0.9,1,0.345,84,4.3,15.2,8.4,2.5,1.4,1.3,0.265
2010,24,Damion,James,Damion James,SR,SF,Texas,B,4.9,3.7,0.8,1,1,0,3,0.1,18,10.3,1,1.2,1.7,0.383
2010,25,Dominique,Jones,Dominique Jones,JR,SG,South Florida,M,4,1.6,2.9,0.2,0.5,0.125,8,0.2,21.4,6.1,3.6,0.6,1.7,0.311
2010,26,Quincy,Pondexter,Quincy Pondexter,SR,SF,Washington,P,7.2,2.6,1.3,0.3,0.6,0.395,152,3.2,19.3,7.4,1.8,0.6,1.3,0.353
2010,27,Jordan,Crawford,Jordan Crawford,SO,SG,Xavier,M,14.7,3,3.5,0.1,0.9,0.337,246,2.8,20.5,4.7,2.9,0.2,1.3,0.391
2010,28,Greivis,Vasquez,Greivis Vasquez,SR,SG,Maryland,P,13.9,4.3,9,0.1,0.9,0.379,351,3.8,19.6,4.6,6.3,0.4,1.7,0.359
2010,29,Daniel,Orton,Daniel Orton,FR,C,Kentucky,B,3,2.8,0.7,0.7,0.5,0,1,0.5,3.4,3.3,0.4,1.4,0.6,0
2010,30,Lazar,Hayward,Lazar Hayward,SR,SF,Marquette,P,3.8,1.7,0.8,0.2,0.5,0.283,60,0.3,18.1,7.5,1.5,0.5,1.9,0.349
2011,1,Kyrie,Irving,Kyrie Irving,FR,PG,Duke,B,22.5,3.7,6.1,0.4,1.5,0.418,378,10.4,17.5,3.4,4.3,0.5,1.5,0.462
2011,2,Derrick,Williams,Derrick Williams,SO,PF,Arizona,P,12,5.5,0.8,0.5,0.6,0.332,196,3,19.5,8.3,1.1,0.7,1,0.568
2011,4,Tristan,Thompson,Tristan Thompson,FR,PF,Texas,B,11.7,9.7,1.3,1,0.7,0,3,6.8,13.1,7.8,1.3,2.4,0.9,0
2011,8,Brandon,Knight,Brandon Knight,FR,PG,Kentucky,B,19.7,3.9,5.3,0.3,1.4,0.389,321,4.5,17.3,4,4.2,0.2,0.7,0.377
2011,9,Kemba,Walker,Kemba Walker,JR,PG,Connecticut,B,19,4.2,6.1,0.7,1.7,0.343,166,5.1,23.5,5.4,4.5,0.2,1.9,0.33
2011,10,Jimmer,Fredette,Jimmer Fredette,SR,PG,BYU,P,7.6,1.2,1.8,0.1,0.5,0.476,84,1.1,28.9,3.4,4.3,0,1.3,0.396
2011,11,Klay,Thompson,Klay Thompson,JR,SG,Washington State,P,21.7,3.9,2.9,0.8,1.1,0.439,545,8.8,21.6,5.2,3.7,0.9,1.6,0.398
2011,12,Alec,Burks,Alec Burks,SO,SG,Colorado,P,14.3,4.2,3,0.2,0.9,0.387,75,3.2,20.5,6.5,2.9,0.4,1.1,0.292
2011,13,Markieff,Morris,Markieff Morris,JR,PF,Kansas,B,15.3,6.2,2.3,0.8,1.2,0.347,124,6.4,13.6,8.3,1.4,1.1,0.8,0.424
2011,14,Marcus,Morris,Marcus Morris,JR,PF,Kansas,B,13.8,5.3,2,0.3,1,0.381,260,4.2,17.2,7.6,1.6,0.6,0.8,0.342
2011,15,Kawhi,Leonard,Kawhi Leonard,SO,SF,San Diego State,M,20.2,7.2,2.6,0.9,2.3,0.483,147,8.6,15.5,10.6,2.5,0.6,1.4,0.291
2011,16,Nikola,Vucevic,Nikola Vucevic,JR,C,USC,P,19.3,11.9,2.8,1,1.1,0.375,8,7,17.1,10.3,1.6,1.4,0.5,0.349
2011,17,Iman,Shumpert,Iman Shumpert,JR,PG,Georgia Tech,P,9.5,4.2,2.8,0.4,1.7,0.402,127,2.4,17.3,5.9,3.5,0.2,2.7,0.278
2011,18,Chris,Singleton,Chris Singleton,JR,SF,Florida State,P,4.6,3.5,0.7,0.5,1.1,0.346,127,1.5,13.1,6.8,1.2,1.5,2,0.368
2011,19,Tobias,Harris,Tobias Harris,FR,PF,Tennessee,P,17.1,7.1,2.1,0.8,1,0.364,239,4.8,15.3,7.3,1.3,0.9,0.7,0.303
2011,21,Nolan,Smith,Nolan Smith,SR,SG,Duke,B,3.8,1.3,1.4,0.1,0.4,0.289,45,-0.3,20.6,4.5,5.1,0.1,1.2,0.35
2011,22,Kenneth,Faried,Kenneth Faried,SR,PF,Morehead State,M,13.7,9.2,1.2,1.1,1,0.125,8,7.8,17.3,14.5,1.1,2.3,1.9,0
2011,24,Reggie,Jackson,Reggie Jackson,JR,PG,Boston College,P,19.6,4.2,6.6,0.2,0.9,0.357,154,4.9,18.2,4.3,4.5,0.5,1.1,0.42
2011,25,MarShon,Brooks,MarShon Brooks,SR,SG,Providence,P,12.6,3.6,2.3,0.3,0.9,0.313,150,1.3,24.6,7,2.5,1.2,1.5,0.34
2011,26,Jordan,Hamilton,Jordan Hamilton,SO,SF,Texas,B,6.7,3.2,0.9,0.3,0.7,0.354,198,1.6,18.6,7.7,2.1,0.6,0.9,0.385
2011,27,JaJuan,Johnson,JaJuan Johnson,SR,PF,Purdue,P,3.2,1.6,0.2,0.4,0.1,0,0,0.2,20.5,8.6,1,2.3,0.9,0.294
2011,28,Norris,Cole,Norris Cole,SR,PG,Cleveland State,M,8.1,3.3,3.4,0.2,0.9,0.357,98,1.4,21.7,5.8,5.3,0.1,2.2,0.342
2011,29,Cory,Joseph,Cory Joseph,FR,PG,Texas,B,8.4,2.6,2.9,0.3,0.8,0.364,44,4.5,10.4,3.6,3,0.3,1,0.413
2011,30,Jimmy,Butler,Jimmy Butler,SR,SF,Marquette,P,22.2,5.8,4.1,0.8,1.9,0.378,193,11.2,15.7,6.1,2.3,0.4,1.4,0.345
2012,1,Anthony,Davis,Anthony Davis,FR,PF,Kentucky,B,24.4,10.8,2.2,2.9,1.5,0.278,54,14,14.2,10.4,1.3,4.7,1.4,0.15
2012,2,Michael,Kidd-Gilchrist,Michael Kidd-Gilchrist,FR,SF,Kentucky,B,10.9,7.6,1.5,0.9,0.7,0.222,9,3.8,11.9,7.4,1.9,0.9,1,0.255
2012,3,Bradley,Beal,Bradley Beal,FR,SG,Florida,P,17.1,3.8,3.3,0.5,1.2,0.409,269,4,14.8,6.7,2.2,0.8,1.4,0.339
2012,4,Dion,Waiters,Dion Waiters,SO,SG,Syracuse,B,15.9,3.1,3,0.3,1.1,0.368,250,1.6,12.6,2.3,2.5,0.3,1.8,0.363
2012,5,Thomas,Robinson,Thomas Robinson,JR,PF,Kansas,B,5.7,5.6,0.7,0.5,0.6,0,2,1.6,17.7,11.9,1.8,0.9,1.1,0.5
2012,6,Damian,Lillard,Damian Lillard,JR,PG,Weber State,M,24.8,4.6,7,0.3,1.2,0.394,554,10.6,24.5,5,4,0.2,1.5,0.409
2012,7,Harrison,Barnes,Harrison Barnes,SO,SF,North Carolina,B,12.5,5.5,1.9,0.3,0.9,0.405,215,6.7,17.1,5.2,1.1,0.3,1.1,0.358
2012,8,Terrence,Ross,Terrence Ross,SO,SG,Washington,P,10.9,3.1,1,0.4,0.8,0.395,408,4.2,16.4,6.4,1.4,0.9,1.3,0.371
2012,9,Andre,Drummond,Andre Drummond,FR,C,Connecticut,B,18,15.4,0.8,1.9,1.8,0.5,2,9.9,10,7.6,0.4,2.7,0.8,0
2012,10,Austin,Rivers,Austin Rivers,FR,SG,Duke,B,8.3,2,2.3,0.2,0.7,0.364,99,1.5,15.5,3.4,2.1,0,1,0.365
2012,11,Meyers,Leonard,Meyers Leonard,SO,C,Illinois,P,8.5,4.8,1.5,0.6,0.2,0.42,112,2.8,13.6,8.2,1.3,1.9,0.5,0.091
2012,12,Jeremy,Lamb,Jeremy Lamb,SO,SG,Connecticut,B,11.4,4.6,1.5,0.4,0.7,0.356,247,3.3,17.7,4.9,1.7,0.6,1.2,0.336
2012,13,Kendall,Marshall,Kendall Marshall,SO,PG,North Carolina,B,8,2.9,8.8,0.1,0.9,0.399,178,0.9,8.1,2.6,9.8,0.2,1.2,0.354
2012,14,John,Henson,John Henson,JR,PF,North Carolina,B,11.1,7.1,1.6,2,0.6,0,3,3.6,13.7,9.9,1.3,2.9,0.6,0
2012,15,Maurice,Harkless,Maurice Harkless,FR,SF,St John's,P,8.2,4.4,1,0.8,1.2,0.383,153,2.8,15.5,8.6,1.5,1.4,1.6,0.215
2012,16,Royce,White,Royce White,SO,SF,Iowa State,P,0,0,0,0,0,0,0,0,13.4,9.3,5,0.9,1.2,0.333
2012,17,Tyler,Zeller,Tyler Zeller,SR,C,North Carolina,B,10.2,5.7,1.4,0.9,0.5,0,4,6.5,16.3,9.6,0.9,1.5,0.9,0
2012,18,Terrence,Jones,Terrence Jones,SO,PF,Kentucky,B,11.7,6.9,1.1,1.8,0.7,0.386,57,7.3,12.3,7.2,1.3,1.9,1.3,0.327
2012,19,Andrew,Nicholson,Andrew Nicholson,SR,PF,St Bonaventure,M,7.8,4.2,0.6,0.4,0.3,0.375,64,1.7,18.5,8.4,1,2,0.7,0.434
2012,21,Jared,Sullinger,Jared Sullinger,SO,PF,Ohio State,B,13.3,8.8,2.3,0.7,0.9,0.283,184,4,17.5,9.2,1.2,1.1,1.2,0.4
2012,22,Fab,Melo,Fab Melo,SO,C,Syracuse,B,1.2,0.5,0,0.3,0.3,0,0,0,7.8,5.8,0.7,2.9,0.5,0
2012,23,John,Jenkins,John Jenkins,JR,SG,Vanderbilt,P,6.1,1.7,0.9,0.2,0.4,0.384,138,1.7,19.9,2.9,1.2,0.3,0.8,0.439
2012,24,Jared,Cunningham,Jared Cunningham,JR,SG,Oregon State,P,3.3,0.9,0.6,0.1,0.4,0.357,28,0.1,17.9,3.8,2.8,0.4,2.5,0.338
2012,25,Tony,Wroten,Tony Wroten,FR,PG,Washington,P,16.9,3.2,5.2,0.3,1.6,0.261,142,0.3,16,5,3.7,0.4,1.9,0.161
2012,26,Miles,Plumlee,Miles Plumlee,SR,PF,Duke,B,8.1,7.8,0.5,1.1,0.5,0,0,4,6.6,7.1,0.5,0.9,0.5,0
2012,27,Arnett,Moultrie,Arnett Moultrie,JR,PF,Mississippi State,P,3.7,3.1,0.2,0.2,0.4,0,0,1.7,16.4,10.5,1.2,0.8,0.8,0.444
2012,28,Perry,Jones,Perry Jones,SO,PF,Baylor,P,4.3,1.8,0.4,0.3,0.4,0.361,61,1.5,13.5,7.6,1.3,0.6,0.8,0.303
2012,29,Marquis,Teague,Marquis Teague,FR,PG,Kentucky,B,2.7,1,1.5,0.1,0.3,0.278,18,-0.1,10,2.5,4.8,0.3,0.9,0.325
2012,30,Festus,Ezeli,Festus Ezeli,SR,C,Vanderbilt,P,8.1,6.2,0.8,1.3,0.4,0,0,2.4,10.1,5.9,0.3,2,0.4,0
2013,1,Anthony,Bennett,Anthony Bennett,FR,PF,UNLV,M,5.2,3.8,0.8,0.3,0.5,0.304,23,0.3,16.1,8.1,1,1.2,0.7,0.375
2013,2,Victor,Oladipo,Victor Oladipo,JR,SG,Indiana,P,17.9,4.8,4.1,0.7,1.7,0.339,248,3.5,13.6,6.3,2.1,0.8,2.2,0.441
2013,3,Otto,Porter,Otto Porter,SO,SF,Georgetown,P,12.5,5.7,2.2,0.4,1.6,0.337,104,2.7,16.2,7.5,2.7,0.9,1.8,0.422
2013,4,Cody,Zeller,Cody Zeller,SO,PF,Indiana,P,8.9,5.9,1.6,0.8,0.9,1,1,3.8,16.5,8,1.3,1.3,1,0
2013,5,Alex,Len,Alex Len,SO,C,Maryland,P,6.3,6.6,0.7,1.5,0.5,0.333,1,3.4,11.9,7.8,1,2.1,0.2,0.125
2013,6,Nerlens,Noel,Nerlens Noel,FR,C,Kentucky,B,10.6,8.2,1.4,1.9,1.8,0,0,4,10.5,9.5,1.6,4.4,2.1,0
2013,7,Ben,McLemore,Ben McLemore,FR,SG,Kansas,B,12.1,2.9,1.7,0.2,0.9,0.358,391,2.5,15.9,5.2,2,0.7,1,0.42
2013,8,Kentavious,Caldwell-Pope,Kentavious Caldwell-Pope,SO,SG,Georgia,P,14.4,3.7,2,0.2,1.6,0.345,444,3.4,18.5,7.1,1.8,0.5,2,0.373
2013,9,Trey,Burke,Trey Burke,SO,PG,Michigan,P,12.8,3,5.7,0.2,0.9,0.353,156,2.4,18.6,3.2,6.7,0.5,1.6,0.384
2013,10,CJ,McCollum,CJ McCollum,SR,PG,Lehigh,M,20.9,3.2,4.4,0.2,1.2,0.398,241,3.1,23.9,5,2.9,0.3,1.4,0.516
2013,11,Michael,Carter-Williams,Michael Carter-Williams,SO,PG,Syracuse,B,16.7,6.2,6.7,0.7,1.9,0.264,208,1.3,11.9,5,7.3,0.5,2.7,0.294
2013,12,Steven,Adams,Steven Adams,FR,C,Pittsburgh,P,7.7,7.5,0.9,1.2,0.5,0,2,4.1,7.2,6.3,0.6,2,0.7,0
2013,13,Kelly,Olynyk,Kelly Olynyk,JR,PF,Gonzaga,M,10.3,5.2,1.7,0.6,1,0.391,110,3.6,17.8,7.3,1.7,1.1,0.7,0.3
2013,14,Shabazz,Muhammad,Shabazz Muhammad,FR,SF,UCLA,B,13.5,4.1,1.2,0.2,0.5,0.392,51,2,17.9,5.2,0.8,0.1,0.7,0.377
2013,18,Shane,Larkin,Shane Larkin,SO,PG,Miami (FL),P,6.8,2.3,3.7,0.1,1.3,0.4,50,1.7,14.5,3.8,4.6,0.1,2,0.406
2013,20,Tony,Snell,Tony Snell,JR,SF,New Mexico,M,6.4,3.5,0.9,0.4,0.3,0.398,103,2.4,12.5,2.6,2.9,0.5,0.8,0.39
2013,21,Gorgui,Dieng,Gorgui Dieng,JR,C,Louisville,P,9.7,8.3,2,1.7,1,1,1,4.9,9.8,9.4,2,2.5,1.3,0
2013,22,Mason,Plumlee,Mason Plumlee,SR,C,Duke,B,9.3,8,2.7,0.9,0.8,0,3,4.8,17.1,9.9,1.9,1.4,1,0
2013,23,Solomon,Hill,Solomon Hill,SR,SF,Arizona,P,8.9,3.8,2.2,0.3,0.8,0.327,208,3.5,13.4,5.3,2.7,0.6,1.1,0.39
2013,24,Tim,Hardaway,Tim Hardaway,JR,SG,Michigan,P,11.5,2.2,1.8,0.2,0.5,0.363,358,3.1,14.5,4.7,2.4,0.4,0.7,0.374
2013,25,Reggie,Bullock,Reggie Bullock,JR,SG,North Carolina,B,2.7,1.4,0.3,0.1,0.3,0.438,48,0.2,13.9,6.5,2.9,0.3,1.3,0.436
2013,26,Andre,Roberson,Andre Roberson,JR,SF,Colorado,P,4.9,3.8,1,0.7,0.9,0.276,58,2.1,10.9,11.2,1.4,1.3,2.2,0.328
2013,29,Archie,Goodwin,Archie Goodwin,FR,SG,Kentucky,B,5.6,1.8,1.1,0.2,0.4,0.293,41,0.4,14.1,4.6,2.7,0.5,1.1,0.266
